{
    "id": "ArmisDevices",
    "title": "Armis Devices",
    "publisher": "Armis",
    "descriptionMarkdown": "The [Armis](https://www.armis.com/) Device connector gives the capability to ingest Armis Devices into Microsoft Sentinel through the Armis REST API. Refer to the API documentation: `https://<YourArmisInstance>.armis.com/api/v1/docs` for more information. The connector provides the ability to get device information from the Armis platform. Armis uses your existing infrastructure to discover and identify devices without having to deploy any agents. Armis can also integrate with your existing IT & security management tools to identify and classify each and every device, managed or unmanaged in your environment.",
    "additionalRequirementBanner": "These queries and workbooks are dependent on a parser based on Kusto to work as expected. Follow the steps to use this Kusto functions alias **ArmisDevice** in queries and workbooks [Follow steps to get this Kusto functions>](https://aka.ms/sentinel-ArmisDevice-parser).",
    "graphQueries": [
        {
            "metricName": "Total Devices data received",
            "legend": "Armis_Devices_CL",
            "baseQuery": "Armis_Devices_CL"
        }
    ],
    "sampleQueries": [
        {
            "description" : "Armis Device Events - All Devices Activities.",
            "query": "Armis_Devices_CL\n | sort by TimeGenerated desc"
        }
    ],
    "dataTypes": [
        {
            "name": "Armis_Devices_CL",
            "lastDataReceivedQuery": "Armis_Devices_CL\n            | summarize Time = max(TimeGenerated)\n            | where isnotempty(Time)"
        }
    ],
    "connectivityCriterias": [
        {
            "type": "IsConnectedQuery",
            "value": [
                "Armis_Devices_CL\n            | summarize LastLogReceived = max(TimeGenerated)\n            | project IsConnected = LastLogReceived > ago(30d)"
            ]
        }
    ],
    "availability": {
        "status": 1,
        "isPreview": true
    },
    "permissions": {
        "resourceProvider": [
            {
                "provider": "Microsoft.OperationalInsights/workspaces",
                "permissionsDisplayText": "read and write permissions on the workspace are required.",
                "providerDisplayName": "Workspace",
                "scope": "Workspace",
                "requiredPermissions": {
                    "write": true,
                    "read": true,
                    "delete": true
                }
            },
            {
                "provider": "Microsoft.OperationalInsights/workspaces/sharedKeys",
                "permissionsDisplayText": "read permissions to shared keys for the workspace are required. [See the documentation to learn more about workspace keys](https://docs.microsoft.com/azure/azure-monitor/platform/agent-windows#obtain-workspace-id-and-key).",
                "providerDisplayName": "Keys",
                "scope": "Workspace",
                "requiredPermissions": {
                    "action": true
                }
            }
        ],
        "customs": [{
            "name": "Microsoft.Web/sites permissions",
            "description": "Read and write permissions to Azure Functions to create a Function App is required. [See the documentation to learn more about Azure Functions](https://docs.microsoft.com/azure/azure-functions/)."
        },
        {
            "name": "REST API Credentials/permissions",
            "description": "**Armis Secret Key** is required.  See the documentation to learn more about API on the `https://<YourArmisInstance>.armis.com/api/v1/doc`"
        }
        ]
    },
    "instructionSteps": [{
            "title": "",
            "description": ">**NOTE:** This connector uses Azure Functions to connect to the Armis API to pull its logs into Microsoft Sentinel. This might result in additional data ingestion costs. Check the [Azure Functions pricing page](https://azure.microsoft.com/pricing/details/functions/) for details."
        },
        {
            "title": "",
            "description": ">**(Optional Step)** Securely store workspace and API authorization key(s) or token(s) in Azure Key Vault. Azure Key Vault provides a secure mechanism to store and retrieve key values. [Follow these instructions](https://docs.microsoft.com/azure/app-service/app-service-key-vault-references) to use Azure Key Vault with an Azure Function App."
        },
		{
			"description": ">**NOTE:** This data connector depends on a parser based on a Kusto Function to work as expected. [Follow these steps](https://aka.ms/sentinel-ArmisDevice-parser) to create the Kusto functions alias, **ArmisDevice**"
		},
        {
            "title": "",
            "description": "**STEP 1 - Configuration steps for the Armis API**\n\n Follow these instructions to create an Armis API secret key.\n 1. Log into your Armis instance\n 2. Navigate to Settings -> API Management\n 3. If the secret key has not already been created, press the Create button to create the secret key\n 4. To access the secret key, press the Show button\n 5. The secret key can now be copied and used during the Armis Device connector configuration"
        },
        {
            "title": "",
            "description": "**STEP 2 - App Registration steps for the Application in Microsoft Entra ID**\n\n This integration requires an App registration in the Azure portal. Follow the steps in this section to create a new application in Microsoft Entra ID:\n 1. Sign in to the [Azure portal](https://portal.azure.com/).\n 2. Search for and select **Microsoft Entra ID**.\n 3. Under **Manage**, select **App registrations > New registration**.\n 4. Enter a display **Name** for your application.\n 5. Select **Register** to complete the initial app registration.\n 6. When registration finishes, the Azure portal displays the app registration's Overview pane. You see the **Application (client) ID** and **Tenant ID**. The client ID and Tenant ID is required as configuration parameters for the execution of Armis Device Data Connector. \n\n> **Reference link:** [https://learn.microsoft.com/azure/active-directory/develop/quickstart-register-app](https://learn.microsoft.com/azure/active-directory/develop/quickstart-register-app)"
        },
        {
            "title": "",
            "description": "**STEP 3 - Add a client secret for application in Microsoft Entra ID**\n\n Sometimes called an application password, a client secret is a string value required for the execution of Armis Device Data Connector. Follow the steps in this section to create a new Client Secret:\n 1. In the Azure portal, in **App registrations**, select your application.\n 2. Select **Certificates & secrets > Client secrets > New client secret**.\n 3. Add a description for your client secret.\n 4. Select an expiration for the secret or specify a custom lifetime. Limit is 24 months.\n 5. Select **Add**. \n 6. *Record the secret's value for use in your client application code. This secret value is never displayed again after you leave this page.* The secret value is required as configuration parameter for the execution of Armis Device Data Connector. \n\n> **Reference link:** [https://learn.microsoft.com/azure/active-directory/develop/quickstart-register-app#add-a-client-secret](https://learn.microsoft.com/azure/active-directory/develop/quickstart-register-app#add-a-client-secret)"
        },
        {
            "title": "",
            "description": "**STEP 4 - Assign role of Contributor to application in Microsoft Entra ID**\n\n Follow the steps in this section to assign the role:\n 1. In the Azure portal, Go to **Resource Group** and select your resource group.\n 2. Go to **Access control (IAM)** from left panel.\n 3. Click on **Add**, and then select **Add role assignment**.\n 4. Select **Contributor** as role and click on next.\n 5. In **Assign access to**, select `User, group, or service principal`.\n 6. Click on **add members** and type **your app name** that you have created and select it.\n 7. Now click on **Review + assign** and then again click on **Review + assign**. \n\n> **Reference link:** [https://learn.microsoft.com/azure/role-based-access-control/role-assignments-portal](https://learn.microsoft.com/azure/role-based-access-control/role-assignments-portal)"
        },
        {
            "title": "",
            "description": "**STEP 5 - Create a Keyvault**\n\n Follow these instructions to create a new Keyvault.\n 1. In the Azure portal, Go to **Key vaults**. Click create.\n 2. Select Subsciption, Resource Group and provide unique name of keyvault.\n\n> **NOTE:** Create a separate key vault for each **API key** within one workspace."
        },
        {
            "title": "",
            "description": "**STEP 6 - Create Access Policy in Keyvault**\n\n Follow these instructions to create access policy in Keyvault.\n 1. Go to keyvaults, select your keyvault, go to Access policies on left side panel. Click create.\n 2. Select all keys & secrets permissions. Click next.\n 3. In the principal section, search by application name which was generated in STEP - 2. Click next.\n\n> **NOTE:** Ensure the Permission model in the Access Configuration of Key Vault is set to **'Vault access policy'**"
        },
        {
            "title": "",
            "description": "**STEP 7 - Choose ONE from the following two deployment options to deploy the connector and the associated Azure Function**\n\n>**IMPORTANT:** Before deploying the Armis Device data connector, have the Workspace ID and Workspace Primary Key (can be copied from the following) readily available.., as well as the Armis API Authorization Key(s)",
            "instructions": [{
                "parameters": {
                        "fillWith": [
                            "WorkspaceId"
                        ],
                        "label": "Workspace ID"
                    },
                    "type": "CopyableLabel"
                },
                {
                    "parameters": {
                        "fillWith": [
                            "PrimaryKey"
                        ],
                        "label": "Primary Key"
                    },
                    "type": "CopyableLabel"
                }
            ]
        },
        {
            "title": "Option 1 - Azure Resource Manager (ARM) Template",
            "description": "Use this method for automated deployment of the Armis connector.\n\n1. Click the **Deploy to Azure** button below. \n\n\t[![Deploy To Azure](https://aka.ms/deploytoazurebutton)](https://aka.ms/sentinel-ArmisDevice-azuredeploy) [![Deploy to Azure Gov](https://aka.ms/deploytoazuregovbutton)](https://aka.ms/sentinel-ArmisDevice-azuredeploy-gov)\n2. Select the preferred **Subscription**, **Resource Group** and **Location**. \n3. Enter the below information : \n\t\tFunction Name \n\t\tWorkspace ID \n\t\tWorkspace Key \n\t\tArmis Secret Key \n\t\tArmis URL (https://<armis-instance>.armis.com/api/v1/) \n\t\tArmis Device Table Name \n\t\tArmis Schedule \n\t\tKeyVault Name \n\t\tAzure Client Id \n\t\tAzure Client Secret \n\t\tTenant Id \n4. Mark the checkbox labeled **I agree to the terms and conditions stated above**. \n5. Click **Purchase** to deploy."
        },
        {
            "title": "Option 2 - Manual Deployment of Azure Functions",
            "description": "Use the following step-by-step instructions to deploy the Armis Device data connector manually with Azure Functions (Deployment via Visual Studio Code)."
        },
        {
            "title": "",
            "description": "**1. Deploy a Function App**\n\n> **NOTE:** You will need to [prepare VS code](https://docs.microsoft.com/azure/azure-functions/functions-create-first-function-python#prerequisites) for Azure function development.\n\n1. Download the [Azure Function App](https://aka.ms/sentinel-ArmisDevice311-functionapp) file. Extract archive to your local development computer.\n2. Start VS Code. Choose File in the main menu and select Open Folder.\n3. Select the top level folder from extracted files.\n4. Choose the Azure icon in the Activity bar, then in the **Azure: Functions** area, choose the **Deploy to function app** button.\nIf you aren't already signed in, choose the Azure icon in the Activity bar, then in the **Azure: Functions** area, choose **Sign in to Azure**\nIf you're already signed in, go to the next step.\n5. Provide the following information at the prompts:\n\n\ta. **Select folder:** Choose a folder from your workspace or browse to one that contains your function app.\n\n\tb. **Select Subscription:** Choose the subscription to use.\n\n\tc. Select **Create new Function App in Azure** (Don't choose the Advanced option)\n\n\td. **Enter a globally unique name for the function app:** Type a name that is valid in a URL path. The name you type is validated to make sure that it's unique in Azure Functions. (e.g. ARMISXXXXX).\n\n\te. **Select a runtime:** Choose Python 3.11\n\n\tf. Select a location for new resources. For better performance and lower costs choose the same [region](https://azure.microsoft.com/regions/) where Microsoft Sentinel is located.\n\n6. Deployment will begin. A notification is displayed after your function app is created and the deployment package is applied.\n7. Go to Azure Portal for the Function App configuration."
        },
        {
            "title": "",
            "description": "**2. Configure the Function App**\n\n1. In the Function App, select the Function App Name and select **Configuration**.\n2. In the **Application settings** tab, select **+ New application setting**.\n3. Add each of the following application settings individually, with their respective values (case-sensitive): \n\t\tWorkspace ID \n\t\tWorkspace Key \n\t\tArmis Secret Key \n\t\tArmis URL (https://<armis-instance>.armis.com/api/v1/) \n\t\tArmis Device Table Name \n\t\tArmis Schedule \n\t\tKeyVault Name \n\t\tAzure Client Id \n\t\tAzure Client Secret \n\t\tTenant Id \n\t\tlogAnalyticsUri (optional) \n - Use logAnalyticsUri to override the log analytics API endpoint for dedicated cloud. For example, for public cloud, leave the value empty; for Azure GovUS cloud environment, specify the value in the following format: `https://<CustomerId>.ods.opinsights.azure.us`.\n4. Once all application settings have been entered, click **Save**."
        }
    ]
}